{"cameraMode":{"drawMode":0,"name":"Shaded","section":"Shading Mode"},"sceneLighting":true,"audioPlay":false,"sceneViewState":{"m_AlwaysRefresh":false,"showFog":true,"showSkybox":true,"showFlares":true,"showImageEffects":true,"showParticleSystems":true,"showVisualEffectGraphs":true,"m_FxEnabled":true},"in2DMode":false,"pivot":{"x":226.10873413085938,"y":12.33106517791748,"z":12.779935836791993},"rotation":{"x":0.010808168910443783,"y":-0.7547304630279541,"z":0.6559598445892334,"w":0.012077714316546917},"size":224.59547424316407,"orthographic":true}