{"cameraMode":{"drawMode":0,"name":"Shaded","section":"Shading Mode"},"sceneLighting":false,"audioPlay":false,"sceneViewState":{"m_AlwaysRefresh":false,"showFog":true,"showSkybox":false,"showFlares":true,"showImageEffects":true,"showParticleSystems":true,"showVisualEffectGraphs":true,"m_FxEnabled":true},"in2DMode":false,"pivot":{"x":-0.02725718915462494,"y":0.03266902267932892,"z":0.02499999664723873},"rotation":{"x":0.005172083154320717,"y":0.8910577297210693,"z":-0.45374855399131777,"w":0.010156476870179177},"size":0.07171351462602616,"orthographic":false}