{"cameraMode":{"drawMode":0,"name":"Shaded","section":"Shading Mode"},"sceneLighting":false,"audioPlay":false,"sceneViewState":{"m_AlwaysRefresh":false,"showFog":true,"showSkybox":false,"showFlares":true,"showImageEffects":true,"showParticleSystems":true,"showVisualEffectGraphs":true,"m_FxEnabled":true},"in2DMode":false,"pivot":{"x":313.0060119628906,"y":17.648765563964845,"z":121.02873992919922},"rotation":{"x":0.010740822181105614,"y":0.9871824979782105,"z":-0.07566709071397782,"w":0.14012224972248078},"size":0.5722172260284424,"orthographic":true}